flight_id,flight_no,flight_no_2,departure_city,dep_lon,dep_lat,arrival_city,arr_lon,arr_lat,actual_departure,actual_arrival,scheduled_flight_duration_minutes,model,occupancy_max,occupancy_actual,revenue_actual
136698,PG0480,PG048,Anapa,37.347301483154,45.002101898193,Belgorod,36.5900993347168,50.643798828125,2016-12-01 09:30,2016-12-01 10:19,50.0,Sukhoi Superjet-100,97,94,746400.00
202931,PG0481,PG048,Belgorod,36.5900993347168,50.643798828125,Anapa,37.347301483154,45.002101898193,2016-12-01 10:06,2016-12-01 10:55,50.0,Sukhoi Superjet-100,97,93,740100.00
136187,PG0252,PG025,Anapa,37.347301483154,45.002101898193,Moscow,37.4146,55.972599,2016-12-01 10:09,2016-12-01 11:49,100.0,Boeing 737-300,130,129,1873800.00
41385,PG0251,PG025,Moscow,37.4146,55.972599,Anapa,37.347301483154,45.002101898193,2016-12-01 15:06,2016-12-01 16:45,100.0,Boeing 737-300,130,111,1628600.00
136774,PG0480,PG048,Anapa,37.347301483154,45.002101898193,Belgorod,36.5900993347168,50.643798828125,2016-12-02 09:27,2016-12-02 10:17,50.0,Sukhoi Superjet-100,97,93,740100.00
202783,PG0481,PG048,Belgorod,36.5900993347168,50.643798828125,Anapa,37.347301483154,45.002101898193,2016-12-02 10:03,2016-12-02 10:53,50.0,Sukhoi Superjet-100,97,95,752700.00
136474,PG0252,PG025,Anapa,37.347301483154,45.002101898193,Moscow,37.4146,55.972599,2016-12-02 10:06,2016-12-02 11:44,100.0,Boeing 737-300,130,130,1886000.00
41351,PG0251,PG025,Moscow,37.4146,55.972599,Anapa,37.347301483154,45.002101898193,2016-12-02 15:07,2016-12-02 16:48,100.0,Boeing 737-300,130,116,1690800.00
136873,PG0480,PG048,Anapa,37.347301483154,45.002101898193,Belgorod,36.5900993347168,50.643798828125,2016-12-03 09:26,2016-12-03 10:17,50.0,Sukhoi Superjet-100,97,96,759000.00
202854,PG0481,PG048,Belgorod,36.5900993347168,50.643798828125,Anapa,37.347301483154,45.002101898193,2016-12-03 10:02,2016-12-03 10:52,50.0,Sukhoi Superjet-100,97,90,708600.00
136391,PG0252,PG025,Anapa,37.347301483154,45.002101898193,Moscow,37.4146,55.972599,2016-12-03 10:08,2016-12-03 11:48,100.0,Boeing 737-300,130,107,1556600.00
41312,PG0251,PG025,Moscow,37.4146,55.972599,Anapa,37.347301483154,45.002101898193,2016-12-03 15:11,2016-12-03 16:52,100.0,Boeing 737-300,130,109,1628600.00
136843,PG0480,PG048,Anapa,37.347301483154,45.002101898193,Belgorod,36.5900993347168,50.643798828125,2016-12-04 09:30,2016-12-04 10:20,50.0,Sukhoi Superjet-100,97,78,632400.00
202816,PG0481,PG048,Belgorod,36.5900993347168,50.643798828125,Anapa,37.347301483154,45.002101898193,2016-12-04 10:00,2016-12-04 10:50,50.0,Sukhoi Superjet-100,97,96,759000.00
136306,PG0252,PG025,Anapa,37.347301483154,45.002101898193,Moscow,37.4146,55.972599,2016-12-04 10:10,2016-12-04 11:50,100.0,Boeing 737-300,130,102,1443200.00
41277,PG0251,PG025,Moscow,37.4146,55.972599,Anapa,37.347301483154,45.002101898193,2016-12-04 15:07,2016-12-04 16:45,100.0,Boeing 737-300,130,110,1592000.00
181074,PG0195,PG019,Novokuznetsk,86.877197265625,53.8114013671875,Anapa,37.347301483154,45.002101898193,2016-12-05 08:20,2016-12-05 13:24,305.0,Boeing 737-300,130,,
136943,PG0480,PG048,Anapa,37.347301483154,45.002101898193,Belgorod,36.5900993347168,50.643798828125,2016-12-05 09:28,2016-12-05 10:18,50.0,Sukhoi Superjet-100,97,94,733800.00
202597,PG0481,PG048,Belgorod,36.5900993347168,50.643798828125,Anapa,37.347301483154,45.002101898193,2016-12-05 10:02,2016-12-05 10:51,50.0,Sukhoi Superjet-100,97,93,714900.00
136324,PG0252,PG025,Anapa,37.347301483154,45.002101898193,Moscow,37.4146,55.972599,2016-12-05 10:09,2016-12-05 11:50,100.0,Boeing 737-300,130,118,1666400.00
41359,PG0251,PG025,Moscow,37.4146,55.972599,Anapa,37.347301483154,45.002101898193,2016-12-05 15:06,2016-12-05 16:45,100.0,Boeing 737-300,130,108,1566400.00
136534,PG0194,PG019,Anapa,37.347301483154,45.002101898193,Novokuznetsk,86.877197265625,53.8114013671875,2016-12-06 06:13,2016-12-06 11:17,305.0,Boeing 737-300,130,,
136793,PG0480,PG048,Anapa,37.347301483154,45.002101898193,Belgorod,36.5900993347168,50.643798828125,2016-12-06 09:31,2016-12-06 10:21,50.0,Sukhoi Superjet-100,97,97,765300.00
202919,PG0481,PG048,Belgorod,36.5900993347168,50.643798828125,Anapa,37.347301483154,45.002101898193,2016-12-06 10:03,2016-12-06 10:52,50.0,Sukhoi Superjet-100,97,96,759000.00
136450,PG0252,PG025,Anapa,37.347301483154,45.002101898193,Moscow,37.4146,55.972599,2016-12-06 10:06,2016-12-06 11:48,100.0,Boeing 737-300,130,107,1554200.00
41329,PG0251,PG025,Moscow,37.4146,55.972599,Anapa,37.347301483154,45.002101898193,2016-12-06 15:07,2016-12-06 16:48,100.0,Boeing 737-300,130,119,1726200.00
136805,PG0480,PG048,Anapa,37.347301483154,45.002101898193,Belgorod,36.5900993347168,50.643798828125,2016-12-07 09:28,2016-12-07 10:18,50.0,Sukhoi Superjet-100,97,96,746400.00
202688,PG0481,PG048,Belgorod,36.5900993347168,50.643798828125,Anapa,37.347301483154,45.002101898193,2016-12-07 10:04,2016-12-07 10:53,50.0,Sukhoi Superjet-100,97,93,740100.00
136418,PG0252,PG025,Anapa,37.347301483154,45.002101898193,Moscow,37.4146,55.972599,2016-12-07 10:07,2016-12-07 11:47,100.0,Boeing 737-300,130,97,1407800.00
41381,PG0251,PG025,Moscow,37.4146,55.972599,Anapa,37.347301483154,45.002101898193,2016-12-07 15:07,2016-12-07 16:47,100.0,Boeing 737-300,130,125,1823800.00
136768,PG0480,PG048,Anapa,37.347301483154,45.002101898193,Belgorod,36.5900993347168,50.643798828125,2016-12-08 09:27,2016-12-08 10:17,50.0,Sukhoi Superjet-100,97,97,765300.00
202858,PG0481,PG048,Belgorod,36.5900993347168,50.643798828125,Anapa,37.347301483154,45.002101898193,2016-12-08 13:41,2016-12-08 14:31,50.0,Sukhoi Superjet-100,97,92,721200.00
136491,PG0252,PG025,Anapa,37.347301483154,45.002101898193,Moscow,37.4146,55.972599,2016-12-08 10:08,2016-12-08 11:49,100.0,Boeing 737-300,130,103,1505400.00
41513,PG0251,PG025,Moscow,37.4146,55.972599,Anapa,37.347301483154,45.002101898193,2016-12-08 15:09,2016-12-08 16:50,100.0,Boeing 737-300,130,109,1581000.00
136800,PG0480,PG048,Anapa,37.347301483154,45.002101898193,Belgorod,36.5900993347168,50.643798828125,2016-12-09 09:27,2016-12-09 10:18,50.0,Sukhoi Superjet-100,97,82,645000.00
202595,PG0481,PG048,Belgorod,36.5900993347168,50.643798828125,Anapa,37.347301483154,45.002101898193,2016-12-09 10:05,2016-12-09 10:54,50.0,Sukhoi Superjet-100,97,96,758400.00
136273,PG0252,PG025,Anapa,37.347301483154,45.002101898193,Moscow,37.4146,55.972599,2016-12-09 10:06,2016-12-09 11:45,100.0,Boeing 737-300,130,129,1873800.00
41266,PG0251,PG025,Moscow,37.4146,55.972599,Anapa,37.347301483154,45.002101898193,2016-12-09 15:06,2016-12-09 16:45,100.0,Boeing 737-300,130,120,1762800.00
136913,PG0480,PG048,Anapa,37.347301483154,45.002101898193,Belgorod,36.5900993347168,50.643798828125,2016-12-10 09:30,2016-12-10 10:19,50.0,Sukhoi Superjet-100,97,90,695400.00
202814,PG0481,PG048,Belgorod,36.5900993347168,50.643798828125,Anapa,37.347301483154,45.002101898193,2016-12-10 13:29,2016-12-10 14:20,50.0,Sukhoi Superjet-100,97,94,746400.00
136352,PG0252,PG025,Anapa,37.347301483154,45.002101898193,Moscow,37.4146,55.972599,2016-12-10 10:10,2016-12-10 11:50,100.0,Boeing 737-300,130,92,1372400.00
41271,PG0251,PG025,Moscow,37.4146,55.972599,Anapa,37.347301483154,45.002101898193,2016-12-10 15:10,2016-12-10 16:50,100.0,Boeing 737-300,130,130,1886000.00
136865,PG0480,PG048,Anapa,37.347301483154,45.002101898193,Belgorod,36.5900993347168,50.643798828125,2016-12-11 09:29,2016-12-11 10:19,50.0,Sukhoi Superjet-100,97,88,695400.00
202795,PG0481,PG048,Belgorod,36.5900993347168,50.643798828125,Anapa,37.347301483154,45.002101898193,2016-12-11 10:02,2016-12-11 10:53,50.0,Sukhoi Superjet-100,97,96,746400.00
136447,PG0252,PG025,Anapa,37.347301483154,45.002101898193,Moscow,37.4146,55.972599,2016-12-11 10:07,2016-12-11 11:47,100.0,Boeing 737-300,130,116,1642000.00
41280,PG0251,PG025,Moscow,37.4146,55.972599,Anapa,37.347301483154,45.002101898193,2016-12-11 15:06,2016-12-11 16:45,100.0,Boeing 737-300,130,104,1494400.00
181093,PG0195,PG019,Novokuznetsk,86.877197265625,53.8114013671875,Anapa,37.347301483154,45.002101898193,2016-12-12 08:19,2016-12-12 13:22,305.0,Boeing 737-300,130,,
136911,PG0480,PG048,Anapa,37.347301483154,45.002101898193,Belgorod,36.5900993347168,50.643798828125,2016-12-12 13:05,2016-12-12 13:55,50.0,Sukhoi Superjet-100,97,87,676500.00
202572,PG0481,PG048,Belgorod,36.5900993347168,50.643798828125,Anapa,37.347301483154,45.002101898193,2016-12-12 10:04,2016-12-12 10:54,50.0,Sukhoi Superjet-100,97,94,746400.00
136141,PG0252,PG025,Anapa,37.347301483154,45.002101898193,Moscow,37.4146,55.972599,2016-12-12 10:08,2016-12-12 11:50,100.0,Boeing 737-300,130,109,1603000.00
41285,PG0251,PG025,Moscow,37.4146,55.972599,Anapa,37.347301483154,45.002101898193,2016-12-12 15:08,2016-12-12 16:48,100.0,Boeing 737-300,130,119,1703000.00
136533,PG0194,PG019,Anapa,37.347301483154,45.002101898193,Novokuznetsk,86.877197265625,53.8114013671875,2016-12-13 06:13,2016-12-13 11:16,305.0,Boeing 737-300,130,,
136691,PG0480,PG048,Anapa,37.347301483154,45.002101898193,Belgorod,36.5900993347168,50.643798828125,2016-12-13 09:25,2016-12-13 10:14,50.0,Sukhoi Superjet-100,97,87,689700.00
202700,PG0481,PG048,Belgorod,36.5900993347168,50.643798828125,Anapa,37.347301483154,45.002101898193,2016-12-13 13:45,2016-12-13 14:35,50.0,Sukhoi Superjet-100,97,88,695400.00
136223,PG0252,PG025,Anapa,37.347301483154,45.002101898193,Moscow,37.4146,55.972599,2016-12-13 10:06,2016-12-13 11:47,100.0,Boeing 737-300,130,121,1751800.00
41242,PG0251,PG025,Moscow,37.4146,55.972599,Anapa,37.347301483154,45.002101898193,2016-12-13 15:07,2016-12-13 16:47,100.0,Boeing 737-300,130,117,1654200.00
136872,PG0480,PG048,Anapa,37.347301483154,45.002101898193,Belgorod,36.5900993347168,50.643798828125,2016-12-14 09:26,2016-12-14 10:16,50.0,Sukhoi Superjet-100,97,97,765300.00
202726,PG0481,PG048,Belgorod,36.5900993347168,50.643798828125,Anapa,37.347301483154,45.002101898193,2016-12-14 10:02,2016-12-14 10:52,50.0,Sukhoi Superjet-100,97,87,701100.00
136143,PG0252,PG025,Anapa,37.347301483154,45.002101898193,Moscow,37.4146,55.972599,2016-12-14 10:06,2016-12-14 11:46,100.0,Boeing 737-300,130,105,1554200.00
41298,PG0251,PG025,Moscow,37.4146,55.972599,Anapa,37.347301483154,45.002101898193,2016-12-14 15:11,2016-12-14 16:50,100.0,Boeing 737-300,130,109,1529800.00
136688,PG0480,PG048,Anapa,37.347301483154,45.002101898193,Belgorod,36.5900993347168,50.643798828125,2016-12-15 09:30,2016-12-15 10:20,50.0,Sukhoi Superjet-100,97,89,689700.00
202585,PG0481,PG048,Belgorod,36.5900993347168,50.643798828125,Anapa,37.347301483154,45.002101898193,2016-12-15 12:36,2016-12-15 13:25,50.0,Sukhoi Superjet-100,97,93,727500.00
136465,PG0252,PG025,Anapa,37.347301483154,45.002101898193,Moscow,37.4146,55.972599,2016-12-15 10:05,2016-12-15 11:47,100.0,Boeing 737-300,130,130,1886000.00
41308,PG0251,PG025,Moscow,37.4146,55.972599,Anapa,37.347301483154,45.002101898193,2016-12-15 15:10,2016-12-15 16:50,100.0,Boeing 737-300,130,117,1703000.00
136886,PG0480,PG048,Anapa,37.347301483154,45.002101898193,Belgorod,36.5900993347168,50.643798828125,2016-12-16 09:26,2016-12-16 10:16,50.0,Sukhoi Superjet-100,97,90,721200.00
202749,PG0481,PG048,Belgorod,36.5900993347168,50.643798828125,Anapa,37.347301483154,45.002101898193,2016-12-16 10:03,2016-12-16 10:54,50.0,Sukhoi Superjet-100,97,94,745800.00
136385,PG0252,PG025,Anapa,37.347301483154,45.002101898193,Moscow,37.4146,55.972599,2016-12-16 10:10,2016-12-16 11:50,100.0,Boeing 737-300,130,128,1861600.00
41318,PG0251,PG025,Moscow,37.4146,55.972599,Anapa,37.347301483154,45.002101898193,2016-12-16 15:09,2016-12-16 16:48,100.0,Boeing 737-300,130,112,1640800.00
136771,PG0480,PG048,Anapa,37.347301483154,45.002101898193,Belgorod,36.5900993347168,50.643798828125,2016-12-17 09:26,2016-12-17 10:15,50.0,Sukhoi Superjet-100,97,82,657000.00
202807,PG0481,PG048,Belgorod,36.5900993347168,50.643798828125,Anapa,37.347301483154,45.002101898193,2016-12-17 10:01,2016-12-17 10:51,50.0,Sukhoi Superjet-100,97,97,765300.00
136318,PG0252,PG025,Anapa,37.347301483154,45.002101898193,Moscow,37.4146,55.972599,2016-12-17 10:07,2016-12-17 11:49,100.0,Boeing 737-300,130,104,1544400.00
41321,PG0251,PG025,Moscow,37.4146,55.972599,Anapa,37.347301483154,45.002101898193,2016-12-17 15:09,2016-12-17 16:48,100.0,Boeing 737-300,130,102,1468800.00
136742,PG0480,PG048,Anapa,37.347301483154,45.002101898193,Belgorod,36.5900993347168,50.643798828125,2016-12-18 09:27,2016-12-18 10:17,50.0,Sukhoi Superjet-100,97,97,765300.00
202645,PG0481,PG048,Belgorod,36.5900993347168,50.643798828125,Anapa,37.347301483154,45.002101898193,2016-12-18 10:02,2016-12-18 10:52,50.0,Sukhoi Superjet-100,97,95,752700.00
136257,PG0252,PG025,Anapa,37.347301483154,45.002101898193,Moscow,37.4146,55.972599,2016-12-18 10:09,2016-12-18 11:49,100.0,Boeing 737-300,130,111,1628600.00
41328,PG0251,PG025,Moscow,37.4146,55.972599,Anapa,37.347301483154,45.002101898193,2016-12-18 15:08,2016-12-18 16:47,100.0,Boeing 737-300,130,116,1666400.00
181080,PG0195,PG019,Novokuznetsk,86.877197265625,53.8114013671875,Anapa,37.347301483154,45.002101898193,2016-12-19 11:44,2016-12-19 16:45,305.0,Boeing 737-300,130,,
136725,PG0480,PG048,Anapa,37.347301483154,45.002101898193,Belgorod,36.5900993347168,50.643798828125,2016-12-19 09:30,2016-12-19 10:19,50.0,Sukhoi Superjet-100,97,92,696000.00
202927,PG0481,PG048,Belgorod,36.5900993347168,50.643798828125,Anapa,37.347301483154,45.002101898193,2016-12-19 10:04,2016-12-19 10:54,50.0,Sukhoi Superjet-100,97,97,765300.00
136338,PG0252,PG025,Anapa,37.347301483154,45.002101898193,Moscow,37.4146,55.972599,2016-12-19 10:06,2016-12-19 11:46,100.0,Boeing 737-300,130,128,1861600.00
41337,PG0251,PG025,Moscow,37.4146,55.972599,Anapa,37.347301483154,45.002101898193,2016-12-19 15:07,2016-12-19 16:47,100.0,Boeing 737-300,130,115,1677400.00
136518,PG0194,PG019,Anapa,37.347301483154,45.002101898193,Novokuznetsk,86.877197265625,53.8114013671875,2016-12-20 06:13,2016-12-20 11:17,305.0,Boeing 737-300,130,,
136738,PG0480,PG048,Anapa,37.347301483154,45.002101898193,Belgorod,36.5900993347168,50.643798828125,2016-12-20 09:27,2016-12-20 10:16,50.0,Sukhoi Superjet-100,97,87,689700.00
202921,PG0481,PG048,Belgorod,36.5900993347168,50.643798828125,Anapa,37.347301483154,45.002101898193,2016-12-20 10:03,2016-12-20 10:53,50.0,Sukhoi Superjet-100,97,93,714900.00
136252,PG0252,PG025,Anapa,37.347301483154,45.002101898193,Moscow,37.4146,55.972599,2016-12-20 10:05,2016-12-20 11:46,100.0,Boeing 737-300,130,102,1517600.00
41346,PG0251,PG025,Moscow,37.4146,55.972599,Anapa,37.347301483154,45.002101898193,2016-12-20 15:07,2016-12-20 16:48,100.0,Boeing 737-300,130,117,1726200.00
136961,PG0480,PG048,Anapa,37.347301483154,45.002101898193,Belgorod,36.5900993347168,50.643798828125,2016-12-21 09:27,2016-12-21 10:16,50.0,Sukhoi Superjet-100,97,96,759000.00
202885,PG0481,PG048,Belgorod,36.5900993347168,50.643798828125,Anapa,37.347301483154,45.002101898193,2016-12-21 10:03,2016-12-21 10:53,50.0,Sukhoi Superjet-100,97,97,765300.00
136210,PG0252,PG025,Anapa,37.347301483154,45.002101898193,Moscow,37.4146,55.972599,2016-12-21 10:08,2016-12-21 11:48,100.0,Boeing 737-300,130,118,1711600.00
41353,PG0251,PG025,Moscow,37.4146,55.972599,Anapa,37.347301483154,45.002101898193,2016-12-21 15:07,2016-12-21 16:48,100.0,Boeing 737-300,130,124,1764000.00
136631,PG0480,PG048,Anapa,37.347301483154,45.002101898193,Belgorod,36.5900993347168,50.643798828125,2016-12-22 09:26,2016-12-22 10:16,50.0,Sukhoi Superjet-100,97,90,721200.00
202599,PG0481,PG048,Belgorod,36.5900993347168,50.643798828125,Anapa,37.347301483154,45.002101898193,2016-12-22 10:03,2016-12-22 10:53,50.0,Sukhoi Superjet-100,97,89,714900.00
136244,PG0252,PG025,Anapa,37.347301483154,45.002101898193,Moscow,37.4146,55.972599,2016-12-22 10:08,2016-12-22 11:47,100.0,Boeing 737-300,130,117,1703000.00
41358,PG0251,PG025,Moscow,37.4146,55.972599,Anapa,37.347301483154,45.002101898193,2016-12-22 15:08,2016-12-22 16:48,100.0,Boeing 737-300,130,103,1457800.00
136702,PG0480,PG048,Anapa,37.347301483154,45.002101898193,Belgorod,36.5900993347168,50.643798828125,2016-12-23 09:26,2016-12-23 10:16,50.0,Sukhoi Superjet-100,97,84,670800.00
202736,PG0481,PG048,Belgorod,36.5900993347168,50.643798828125,Anapa,37.347301483154,45.002101898193,2016-12-23 10:00,2016-12-23 10:51,50.0,Sukhoi Superjet-100,97,94,746400.00
136492,PG0252,PG025,Anapa,37.347301483154,45.002101898193,Moscow,37.4146,55.972599,2016-12-23 10:08,2016-12-23 11:48,100.0,Boeing 737-300,130,118,1690800.00
41366,PG0251,PG025,Moscow,37.4146,55.972599,Anapa,37.347301483154,45.002101898193,2016-12-23 15:13,2016-12-23 16:54,100.0,Boeing 737-300,130,129,1873800.00
136653,PG0480,PG048,Anapa,37.347301483154,45.002101898193,Belgorod,36.5900993347168,50.643798828125,2016-12-24 09:27,2016-12-24 10:17,50.0,Sukhoi Superjet-100,97,89,701700.00
202678,PG0481,PG048,Belgorod,36.5900993347168,50.643798828125,Anapa,37.347301483154,45.002101898193,2016-12-24 10:03,2016-12-24 10:53,50.0,Sukhoi Superjet-100,97,90,720000.00
136253,PG0252,PG025,Anapa,37.347301483154,45.002101898193,Moscow,37.4146,55.972599,2016-12-24 10:08,2016-12-24 11:46,100.0,Boeing 737-300,130,93,1407800.00
41373,PG0251,PG025,Moscow,37.4146,55.972599,Anapa,37.347301483154,45.002101898193,2016-12-24 15:07,2016-12-24 16:48,100.0,Boeing 737-300,130,116,1689600.00
136592,PG0480,PG048,Anapa,37.347301483154,45.002101898193,Belgorod,36.5900993347168,50.643798828125,2016-12-25 09:28,2016-12-25 10:18,50.0,Sukhoi Superjet-100,97,89,677100.00
202782,PG0481,PG048,Belgorod,36.5900993347168,50.643798828125,Anapa,37.347301483154,45.002101898193,2016-12-25 10:05,2016-12-25 10:55,50.0,Sukhoi Superjet-100,97,88,708600.00
136397,PG0252,PG025,Anapa,37.347301483154,45.002101898193,Moscow,37.4146,55.972599,2016-12-25 10:06,2016-12-25 11:47,100.0,Boeing 737-300,130,104,1444400.00
41379,PG0251,PG025,Moscow,37.4146,55.972599,Anapa,37.347301483154,45.002101898193,2016-12-25 15:06,2016-12-25 16:46,100.0,Boeing 737-300,130,117,1676200.00
181086,PG0195,PG019,Novokuznetsk,86.877197265625,53.8114013671875,Anapa,37.347301483154,45.002101898193,2016-12-26 08:20,2016-12-26 13:23,305.0,Boeing 737-300,130,,
136680,PG0480,PG048,Anapa,37.347301483154,45.002101898193,Belgorod,36.5900993347168,50.643798828125,2016-12-26 09:34,2016-12-26 10:24,50.0,Sukhoi Superjet-100,97,92,733800.00
202661,PG0481,PG048,Belgorod,36.5900993347168,50.643798828125,Anapa,37.347301483154,45.002101898193,2016-12-26 10:03,2016-12-26 10:53,50.0,Sukhoi Superjet-100,97,90,708000.00
136390,PG0252,PG025,Anapa,37.347301483154,45.002101898193,Moscow,37.4146,55.972599,2016-12-26 10:06,2016-12-26 11:47,100.0,Boeing 737-300,130,125,1823800.00
41388,PG0251,PG025,Moscow,37.4146,55.972599,Anapa,37.347301483154,45.002101898193,2016-12-26 15:07,2016-12-26 16:48,100.0,Boeing 737-300,130,124,1788400.00
136564,PG0194,PG019,Anapa,37.347301483154,45.002101898193,Novokuznetsk,86.877197265625,53.8114013671875,2016-12-27 06:16,2016-12-27 11:21,305.0,Boeing 737-300,130,,
136617,PG0480,PG048,Anapa,37.347301483154,45.002101898193,Belgorod,36.5900993347168,50.643798828125,2016-12-27 09:26,2016-12-27 10:16,50.0,Sukhoi Superjet-100,97,97,765300.00
202716,PG0481,PG048,Belgorod,36.5900993347168,50.643798828125,Anapa,37.347301483154,45.002101898193,2016-12-27 10:01,2016-12-27 10:51,50.0,Sukhoi Superjet-100,97,92,733200.00
136207,PG0252,PG025,Anapa,37.347301483154,45.002101898193,Moscow,37.4146,55.972599,2016-12-27 10:07,2016-12-27 11:48,100.0,Boeing 737-300,130,110,1567600.00
41393,PG0251,PG025,Moscow,37.4146,55.972599,Anapa,37.347301483154,45.002101898193,2016-12-27 15:07,2016-12-27 16:46,100.0,Boeing 737-300,130,110,1544400.00
136866,PG0480,PG048,Anapa,37.347301483154,45.002101898193,Belgorod,36.5900993347168,50.643798828125,2016-12-28 09:28,2016-12-28 10:18,50.0,Sukhoi Superjet-100,97,94,733800.00
202767,PG0481,PG048,Belgorod,36.5900993347168,50.643798828125,Anapa,37.347301483154,45.002101898193,2016-12-28 10:03,2016-12-28 10:53,50.0,Sukhoi Superjet-100,97,95,740100.00
136262,PG0252,PG025,Anapa,37.347301483154,45.002101898193,Moscow,37.4146,55.972599,2016-12-28 10:10,2016-12-28 11:49,100.0,Boeing 737-300,130,128,1861600.00
41400,PG0251,PG025,Moscow,37.4146,55.972599,Anapa,37.347301483154,45.002101898193,2016-12-28 15:09,2016-12-28 16:49,100.0,Boeing 737-300,130,120,1739600.00
136785,PG0480,PG048,Anapa,37.347301483154,45.002101898193,Belgorod,36.5900993347168,50.643798828125,2016-12-29 09:28,2016-12-29 10:19,50.0,Sukhoi Superjet-100,97,97,765300.00
202653,PG0481,PG048,Belgorod,36.5900993347168,50.643798828125,Anapa,37.347301483154,45.002101898193,2016-12-29 10:02,2016-12-29 10:51,50.0,Sukhoi Superjet-100,97,95,752700.00
136296,PG0252,PG025,Anapa,37.347301483154,45.002101898193,Moscow,37.4146,55.972599,2016-12-29 10:07,2016-12-29 11:46,100.0,Boeing 737-300,130,117,1678600.00
41409,PG0251,PG025,Moscow,37.4146,55.972599,Anapa,37.347301483154,45.002101898193,2016-12-29 15:10,2016-12-29 16:50,100.0,Boeing 737-300,130,112,1616400.00
136801,PG0480,PG048,Anapa,37.347301483154,45.002101898193,Belgorod,36.5900993347168,50.643798828125,2016-12-30 09:28,2016-12-30 10:18,50.0,Sukhoi Superjet-100,97,97,765300.00
202539,PG0481,PG048,Belgorod,36.5900993347168,50.643798828125,Anapa,37.347301483154,45.002101898193,2016-12-30 13:01,2016-12-30 13:51,50.0,Sukhoi Superjet-100,97,96,759000.00
136327,PG0252,PG025,Anapa,37.347301483154,45.002101898193,Moscow,37.4146,55.972599,2016-12-30 10:12,2016-12-30 11:52,100.0,Boeing 737-300,130,108,1543200.00
41416,PG0251,PG025,Moscow,37.4146,55.972599,Anapa,37.347301483154,45.002101898193,2016-12-30 15:06,2016-12-30 16:45,100.0,Boeing 737-300,130,123,1800600.00
136929,PG0480,PG048,Anapa,37.347301483154,45.002101898193,Belgorod,36.5900993347168,50.643798828125,2016-12-31 09:25,2016-12-31 10:15,50.0,Sukhoi Superjet-100,97,82,631800.00
202819,PG0481,PG048,Belgorod,36.5900993347168,50.643798828125,Anapa,37.347301483154,45.002101898193,2016-12-31 10:03,2016-12-31 10:53,50.0,Sukhoi Superjet-100,97,96,759000.00
136368,PG0252,PG025,Anapa,37.347301483154,45.002101898193,Moscow,37.4146,55.972599,2016-12-31 10:07,2016-12-31 11:47,100.0,Boeing 737-300,130,130,1886000.00
41424,PG0251,PG025,Moscow,37.4146,55.972599,Anapa,37.347301483154,45.002101898193,2016-12-31 15:10,2016-12-31 16:51,100.0,Boeing 737-300,130,109,1555400.00
136661,PG0480,PG048,Anapa,37.347301483154,45.002101898193,Belgorod,36.5900993347168,50.643798828125,2017-01-01 09:27,2017-01-01 10:17,50.0,Sukhoi Superjet-100,97,96,759000.00
202740,PG0481,PG048,Belgorod,36.5900993347168,50.643798828125,Anapa,37.347301483154,45.002101898193,2017-01-01 10:03,2017-01-01 10:52,50.0,Sukhoi Superjet-100,97,96,759000.00
136420,PG0252,PG025,Anapa,37.347301483154,45.002101898193,Moscow,37.4146,55.972599,2017-01-01 10:09,2017-01-01 11:47,100.0,Boeing 737-300,130,104,1542000.00
41429,PG0251,PG025,Moscow,37.4146,55.972599,Anapa,37.347301483154,45.002101898193,2017-01-01 15:08,2017-01-01 16:46,100.0,Boeing 737-300,130,120,1764000.00
181081,PG0195,PG019,Novokuznetsk,86.877197265625,53.8114013671875,Anapa,37.347301483154,45.002101898193,2017-01-02 08:18,2017-01-02 13:17,305.0,Boeing 737-300,130,,
136936,PG0480,PG048,Anapa,37.347301483154,45.002101898193,Belgorod,36.5900993347168,50.643798828125,2017-01-02 09:28,2017-01-02 10:18,50.0,Sukhoi Superjet-100,97,82,632400.00
202876,PG0481,PG048,Belgorod,36.5900993347168,50.643798828125,Anapa,37.347301483154,45.002101898193,2017-01-02 10:03,2017-01-02 10:54,50.0,Sukhoi Superjet-100,97,96,759000.00
136458,PG0252,PG025,Anapa,37.347301483154,45.002101898193,Moscow,37.4146,55.972599,2017-01-02 10:07,2017-01-02 11:46,100.0,Boeing 737-300,130,110,1568800.00
41438,PG0251,PG025,Moscow,37.4146,55.972599,Anapa,37.347301483154,45.002101898193,2017-01-02 17:53,2017-01-02 19:32,100.0,Boeing 737-300,130,107,1555400.00
136546,PG0194,PG019,Anapa,37.347301483154,45.002101898193,Novokuznetsk,86.877197265625,53.8114013671875,2017-01-03 06:13,2017-01-03 11:15,305.0,Boeing 737-300,130,,
136937,PG0480,PG048,Anapa,37.347301483154,45.002101898193,Belgorod,36.5900993347168,50.643798828125,2017-01-03 09:29,2017-01-03 10:19,50.0,Sukhoi Superjet-100,97,81,626100.00
202593,PG0481,PG048,Belgorod,36.5900993347168,50.643798828125,Anapa,37.347301483154,45.002101898193,2017-01-03 10:01,2017-01-03 10:51,50.0,Sukhoi Superjet-100,97,94,746400.00
136119,PG0252,PG025,Anapa,37.347301483154,45.002101898193,Moscow,37.4146,55.972599,2017-01-03 10:08,2017-01-03 11:49,100.0,Boeing 737-300,130,113,1653000.00
41443,PG0251,PG025,Moscow,37.4146,55.972599,Anapa,37.347301483154,45.002101898193,2017-01-03 15:08,2017-01-03 16:49,100.0,Boeing 737-300,130,124,1788400.00
136819,PG0480,PG048,Anapa,37.347301483154,45.002101898193,Belgorod,36.5900993347168,50.643798828125,2017-01-04 09:29,2017-01-04 10:19,50.0,Sukhoi Superjet-100,97,96,759000.00
202692,PG0481,PG048,Belgorod,36.5900993347168,50.643798828125,Anapa,37.347301483154,45.002101898193,2017-01-04 10:04,2017-01-04 10:54,50.0,Sukhoi Superjet-100,97,94,733800.00
136159,PG0252,PG025,Anapa,37.347301483154,45.002101898193,Moscow,37.4146,55.972599,2017-01-04 10:07,2017-01-04 11:45,100.0,Boeing 737-300,130,115,1700600.00
41455,PG0251,PG025,Moscow,37.4146,55.972599,Anapa,37.347301483154,45.002101898193,2017-01-04 15:09,2017-01-04 16:49,100.0,Boeing 737-300,130,104,1517600.00
136645,PG0480,PG048,Anapa,37.347301483154,45.002101898193,Belgorod,36.5900993347168,50.643798828125,2017-01-05 09:29,2017-01-05 10:20,50.0,Sukhoi Superjet-100,97,82,633000.00
202743,PG0481,PG048,Belgorod,36.5900993347168,50.643798828125,Anapa,37.347301483154,45.002101898193,2017-01-05 10:03,2017-01-05 10:53,50.0,Sukhoi Superjet-100,97,90,721200.00
136202,PG0252,PG025,Anapa,37.347301483154,45.002101898193,Moscow,37.4146,55.972599,2017-01-05 10:07,2017-01-05 11:49,100.0,Boeing 737-300,130,100,1495600.00
41460,PG0251,PG025,Moscow,37.4146,55.972599,Anapa,37.347301483154,45.002101898193,2017-01-05 15:10,2017-01-05 16:49,100.0,Boeing 737-300,130,124,1811600.00
136706,PG0480,PG048,Anapa,37.347301483154,45.002101898193,Belgorod,36.5900993347168,50.643798828125,2017-01-06 09:30,2017-01-06 10:20,50.0,Sukhoi Superjet-100,97,95,740100.00
202751,PG0481,PG048,Belgorod,36.5900993347168,50.643798828125,Anapa,37.347301483154,45.002101898193,2017-01-06 10:03,2017-01-06 10:54,50.0,Sukhoi Superjet-100,97,88,708600.00
136209,PG0252,PG025,Anapa,37.347301483154,45.002101898193,Moscow,37.4146,55.972599,2017-01-06 10:09,2017-01-06 11:49,100.0,Boeing 737-300,130,112,1615200.00
41466,PG0251,PG025,Moscow,37.4146,55.972599,Anapa,37.347301483154,45.002101898193,2017-01-06 15:08,2017-01-06 16:47,100.0,Boeing 737-300,130,115,1628600.00
136632,PG0480,PG048,Anapa,37.347301483154,45.002101898193,Belgorod,36.5900993347168,50.643798828125,2017-01-07 12:42,2017-01-07 13:33,50.0,Sukhoi Superjet-100,97,91,714300.00
202879,PG0481,PG048,Belgorod,36.5900993347168,50.643798828125,Anapa,37.347301483154,45.002101898193,2017-01-07 10:05,2017-01-07 10:55,50.0,Sukhoi Superjet-100,97,94,746400.00
136164,PG0252,PG025,Anapa,37.347301483154,45.002101898193,Moscow,37.4146,55.972599,2017-01-07 10:07,2017-01-07 11:46,100.0,Boeing 737-300,130,120,1738400.00
41474,PG0251,PG025,Moscow,37.4146,55.972599,Anapa,37.347301483154,45.002101898193,2017-01-07 17:55,2017-01-07 19:35,100.0,Boeing 737-300,130,114,1666400.00
136609,PG0480,PG048,Anapa,37.347301483154,45.002101898193,Belgorod,36.5900993347168,50.643798828125,2017-01-08 09:28,2017-01-08 10:18,50.0,Sukhoi Superjet-100,97,81,639300.00
202640,PG0481,PG048,Belgorod,36.5900993347168,50.643798828125,Anapa,37.347301483154,45.002101898193,2017-01-08 10:06,2017-01-08 10:55,50.0,Sukhoi Superjet-100,97,85,676500.00
136122,PG0252,PG025,Anapa,37.347301483154,45.002101898193,Moscow,37.4146,55.972599,2017-01-08 10:08,2017-01-08 11:48,100.0,Boeing 737-300,130,97,1431000.00
41479,PG0251,PG025,Moscow,37.4146,55.972599,Anapa,37.347301483154,45.002101898193,2017-01-08 15:09,2017-01-08 16:49,100.0,Boeing 737-300,130,116,1642000.00
181076,PG0195,PG019,Novokuznetsk,86.877197265625,53.8114013671875,Anapa,37.347301483154,45.002101898193,2017-01-09 08:17,2017-01-09 13:21,305.0,Boeing 737-300,130,,
136733,PG0480,PG048,Anapa,37.347301483154,45.002101898193,Belgorod,36.5900993347168,50.643798828125,2017-01-09 09:27,2017-01-09 10:18,50.0,Sukhoi Superjet-100,97,94,746400.00
202812,PG0481,PG048,Belgorod,36.5900993347168,50.643798828125,Anapa,37.347301483154,45.002101898193,2017-01-09 10:04,2017-01-09 10:54,50.0,Sukhoi Superjet-100,97,95,752700.00
136464,PG0252,PG025,Anapa,37.347301483154,45.002101898193,Moscow,37.4146,55.972599,2017-01-09 10:07,2017-01-09 11:47,100.0,Boeing 737-300,130,100,1398000.00
41486,PG0251,PG025,Moscow,37.4146,55.972599,Anapa,37.347301483154,45.002101898193,2017-01-09 15:06,2017-01-09 16:47,100.0,Boeing 737-300,130,109,1581000.00
136523,PG0194,PG019,Anapa,37.347301483154,45.002101898193,Novokuznetsk,86.877197265625,53.8114013671875,2017-01-10 06:14,2017-01-10 11:26,305.0,Boeing 737-300,130,,
136586,PG0480,PG048,Anapa,37.347301483154,45.002101898193,Belgorod,36.5900993347168,50.643798828125,2017-01-10 09:28,2017-01-10 10:18,50.0,Sukhoi Superjet-100,97,96,759000.00
202797,PG0481,PG048,Belgorod,36.5900993347168,50.643798828125,Anapa,37.347301483154,45.002101898193,2017-01-10 10:07,2017-01-10 10:58,50.0,Sukhoi Superjet-100,97,94,733800.00
136423,PG0252,PG025,Anapa,37.347301483154,45.002101898193,Moscow,37.4146,55.972599,2017-01-10 10:12,2017-01-10 11:52,100.0,Boeing 737-300,130,129,1849400.00
41492,PG0251,PG025,Moscow,37.4146,55.972599,Anapa,37.347301483154,45.002101898193,2017-01-10 15:13,2017-01-10 16:53,100.0,Boeing 737-300,130,120,1764000.00
136855,PG0480,PG048,Anapa,37.347301483154,45.002101898193,Belgorod,36.5900993347168,50.643798828125,2017-01-11 12:07,2017-01-11 12:57,50.0,Sukhoi Superjet-100,97,87,702300.00
202637,PG0481,PG048,Belgorod,36.5900993347168,50.643798828125,Anapa,37.347301483154,45.002101898193,2017-01-11 10:00,2017-01-11 10:51,50.0,Sukhoi Superjet-100,97,94,746400.00
136366,PG0252,PG025,Anapa,37.347301483154,45.002101898193,Moscow,37.4146,55.972599,2017-01-11 10:08,2017-01-11 11:47,100.0,Boeing 737-300,130,103,1527400.00
41500,PG0251,PG025,Moscow,37.4146,55.972599,Anapa,37.347301483154,45.002101898193,2017-01-11 15:10,2017-01-11 16:50,100.0,Boeing 737-300,130,108,1567600.00
136758,PG0480,PG048,Anapa,37.347301483154,45.002101898193,Belgorod,36.5900993347168,50.643798828125,2017-01-12 09:26,2017-01-12 10:15,50.0,Sukhoi Superjet-100,97,97,765300.00
202558,PG0481,PG048,Belgorod,36.5900993347168,50.643798828125,Anapa,37.347301483154,45.002101898193,2017-01-12 10:03,2017-01-12 10:53,50.0,Sukhoi Superjet-100,97,94,721200.00
136316,PG0252,PG025,Anapa,37.347301483154,45.002101898193,Moscow,37.4146,55.972599,2017-01-12 10:07,2017-01-12 11:47,100.0,Boeing 737-300,130,130,1886000.00
41507,PG0251,PG025,Moscow,37.4146,55.972599,Anapa,37.347301483154,45.002101898193,2017-01-12 15:08,2017-01-12 16:48,100.0,Boeing 737-300,130,113,1604200.00
136871,PG0480,PG048,Anapa,37.347301483154,45.002101898193,Belgorod,36.5900993347168,50.643798828125,2017-01-13 09:28,2017-01-13 10:18,50.0,Sukhoi Superjet-100,97,97,765300.00
202863,PG0481,PG048,Belgorod,36.5900993347168,50.643798828125,Anapa,37.347301483154,45.002101898193,2017-01-13 10:02,2017-01-13 10:52,50.0,Sukhoi Superjet-100,97,90,721200.00
136275,PG0252,PG025,Anapa,37.347301483154,45.002101898193,Moscow,37.4146,55.972599,2017-01-13 10:08,2017-01-13 11:46,100.0,Boeing 737-300,130,125,1825000.00
41516,PG0251,PG025,Moscow,37.4146,55.972599,Anapa,37.347301483154,45.002101898193,2017-01-13 15:08,2017-01-13 16:47,100.0,Boeing 737-300,130,110,1592000.00
136781,PG0480,PG048,Anapa,37.347301483154,45.002101898193,Belgorod,36.5900993347168,50.643798828125,2017-01-14 09:26,2017-01-14 10:16,50.0,Sukhoi Superjet-100,97,97,765300.00
202754,PG0481,PG048,Belgorod,36.5900993347168,50.643798828125,Anapa,37.347301483154,45.002101898193,2017-01-14 10:01,2017-01-14 10:52,50.0,Sukhoi Superjet-100,97,96,759000.00
136185,PG0252,PG025,Anapa,37.347301483154,45.002101898193,Moscow,37.4146,55.972599,2017-01-14 10:06,2017-01-14 11:49,100.0,Boeing 737-300,130,104,1520000.00
41521,PG0251,PG025,Moscow,37.4146,55.972599,Anapa,37.347301483154,45.002101898193,2017-01-14 15:07,2017-01-14 16:47,100.0,Boeing 737-300,130,120,1715200.00
136709,PG0480,PG048,Anapa,37.347301483154,45.002101898193,Belgorod,36.5900993347168,50.643798828125,2017-01-15 09:28,2017-01-15 10:18,50.0,Sukhoi Superjet-100,97,87,689700.00
202805,PG0481,PG048,Belgorod,36.5900993347168,50.643798828125,Anapa,37.347301483154,45.002101898193,2017-01-15 10:03,2017-01-15 10:53,50.0,Sukhoi Superjet-100,97,94,745800.00
136172,PG0252,PG025,Anapa,37.347301483154,45.002101898193,Moscow,37.4146,55.972599,2017-01-15 10:05,2017-01-15 11:44,100.0,Boeing 737-300,130,110,1617600.00
41528,PG0251,PG025,Moscow,37.4146,55.972599,Anapa,37.347301483154,45.002101898193,2017-01-15 15:09,2017-01-15 16:49,100.0,Boeing 737-300,130,119,1703000.00
181060,PG0195,PG019,Novokuznetsk,86.877197265625,53.8114013671875,Anapa,37.347301483154,45.002101898193,2017-01-16 08:21,2017-01-16 13:25,305.0,Boeing 737-300,130,,
136907,PG0480,PG048,Anapa,37.347301483154,45.002101898193,Belgorod,36.5900993347168,50.643798828125,2017-01-16 09:31,2017-01-16 10:22,50.0,Sukhoi Superjet-100,97,96,759000.00
202898,PG0481,PG048,Belgorod,36.5900993347168,50.643798828125,Anapa,37.347301483154,45.002101898193,2017-01-16 10:02,2017-01-16 10:51,50.0,Sukhoi Superjet-100,97,85,639300.00
136282,PG0252,PG025,Anapa,37.347301483154,45.002101898193,Moscow,37.4146,55.972599,2017-01-16 10:07,2017-01-16 11:48,100.0,Boeing 737-300,130,106,1518800.00
41535,PG0251,PG025,Moscow,37.4146,55.972599,Anapa,37.347301483154,45.002101898193,2017-01-16 15:07,2017-01-16 16:47,100.0,Boeing 737-300,130,126,1837200.00
136540,PG0194,PG019,Anapa,37.347301483154,45.002101898193,Novokuznetsk,86.877197265625,53.8114013671875,2017-01-17 06:14,2017-01-17 11:21,305.0,Boeing 737-300,130,,
136669,PG0480,PG048,Anapa,37.347301483154,45.002101898193,Belgorod,36.5900993347168,50.643798828125,2017-01-17 09:26,2017-01-17 10:17,50.0,Sukhoi Superjet-100,97,95,752700.00
202606,PG0481,PG048,Belgorod,36.5900993347168,50.643798828125,Anapa,37.347301483154,45.002101898193,2017-01-17 10:00,2017-01-17 10:49,50.0,Sukhoi Superjet-100,97,93,727500.00
136471,PG0252,PG025,Anapa,37.347301483154,45.002101898193,Moscow,37.4146,55.972599,2017-01-17 10:11,2017-01-17 11:51,100.0,Boeing 737-300,130,120,1762800.00
41543,PG0251,PG025,Moscow,37.4146,55.972599,Anapa,37.347301483154,45.002101898193,2017-01-17 15:10,2017-01-17 16:52,100.0,Boeing 737-300,130,105,1507800.00
136649,PG0480,PG048,Anapa,37.347301483154,45.002101898193,Belgorod,36.5900993347168,50.643798828125,2017-01-18 09:25,2017-01-18 10:15,50.0,Sukhoi Superjet-100,97,96,759000.00
202687,PG0481,PG048,Belgorod,36.5900993347168,50.643798828125,Anapa,37.347301483154,45.002101898193,2017-01-18 10:04,2017-01-18 10:55,50.0,Sukhoi Superjet-100,97,93,740100.00
136389,PG0252,PG025,Anapa,37.347301483154,45.002101898193,Moscow,37.4146,55.972599,2017-01-18 10:10,2017-01-18 11:50,100.0,Boeing 737-300,130,129,1873800.00
41552,PG0251,PG025,Moscow,37.4146,55.972599,Anapa,37.347301483154,45.002101898193,2017-01-18 15:06,2017-01-18 16:46,100.0,Boeing 737-300,130,129,1873800.00
136654,PG0480,PG048,Anapa,37.347301483154,45.002101898193,Belgorod,36.5900993347168,50.643798828125,2017-01-19 09:28,2017-01-19 10:17,50.0,Sukhoi Superjet-100,97,96,759000.00
202911,PG0481,PG048,Belgorod,36.5900993347168,50.643798828125,Anapa,37.347301483154,45.002101898193,2017-01-19 10:02,2017-01-19 10:52,50.0,Sukhoi Superjet-100,97,93,739500.00
136387,PG0252,PG025,Anapa,37.347301483154,45.002101898193,Moscow,37.4146,55.972599,2017-01-19 10:08,2017-01-19 11:47,100.0,Boeing 737-300,130,121,1775000.00
41559,PG0251,PG025,Moscow,37.4146,55.972599,Anapa,37.347301483154,45.002101898193,2017-01-19 15:12,2017-01-19 16:53,100.0,Boeing 737-300,130,112,1616400.00
136887,PG0480,PG048,Anapa,37.347301483154,45.002101898193,Belgorod,36.5900993347168,50.643798828125,2017-01-20 09:30,2017-01-20 10:19,50.0,Sukhoi Superjet-100,97,78,595200.00
202916,PG0481,PG048,Belgorod,36.5900993347168,50.643798828125,Anapa,37.347301483154,45.002101898193,2017-01-20 10:01,2017-01-20 10:50,50.0,Sukhoi Superjet-100,97,94,746400.00
136463,PG0252,PG025,Anapa,37.347301483154,45.002101898193,Moscow,37.4146,55.972599,2017-01-20 10:06,2017-01-20 11:45,100.0,Boeing 737-300,130,122,1788400.00
41565,PG0251,PG025,Moscow,37.4146,55.972599,Anapa,37.347301483154,45.002101898193,2017-01-20 15:12,2017-01-20 16:53,100.0,Boeing 737-300,130,112,1642000.00
136755,PG0480,PG048,Anapa,37.347301483154,45.002101898193,Belgorod,36.5900993347168,50.643798828125,2017-01-21 09:30,2017-01-21 10:20,50.0,Sukhoi Superjet-100,97,97,765300.00
202859,PG0481,PG048,Belgorod,36.5900993347168,50.643798828125,Anapa,37.347301483154,45.002101898193,2017-01-21 10:00,2017-01-21 10:50,50.0,Sukhoi Superjet-100,97,97,765300.00
136428,PG0252,PG025,Anapa,37.347301483154,45.002101898193,Moscow,37.4146,55.972599,2017-01-21 10:08,2017-01-21 11:47,100.0,Boeing 737-300,130,115,1678600.00
41572,PG0251,PG025,Moscow,37.4146,55.972599,Anapa,37.347301483154,45.002101898193,2017-01-21 15:08,2017-01-21 16:48,100.0,Boeing 737-300,130,108,1592000.00
136927,PG0480,PG048,Anapa,37.347301483154,45.002101898193,Belgorod,36.5900993347168,50.643798828125,2017-01-22 09:28,2017-01-22 10:19,50.0,Sukhoi Superjet-100,97,97,765300.00
202913,PG0481,PG048,Belgorod,36.5900993347168,50.643798828125,Anapa,37.347301483154,45.002101898193,2017-01-22 13:23,2017-01-22 14:13,50.0,Sukhoi Superjet-100,97,92,733800.00
136310,PG0252,PG025,Anapa,37.347301483154,45.002101898193,Moscow,37.4146,55.972599,2017-01-22 10:07,2017-01-22 11:47,100.0,Boeing 737-300,130,117,1654200.00
41580,PG0251,PG025,Moscow,37.4146,55.972599,Anapa,37.347301483154,45.002101898193,2017-01-22 15:07,2017-01-22 16:46,100.0,Boeing 737-300,130,130,1886000.00
181065,PG0195,PG019,Novokuznetsk,86.877197265625,53.8114013671875,Anapa,37.347301483154,45.002101898193,2017-01-23 08:18,2017-01-23 13:17,305.0,Boeing 737-300,130,,
136767,PG0480,PG048,Anapa,37.347301483154,45.002101898193,Belgorod,36.5900993347168,50.643798828125,2017-01-23 09:27,2017-01-23 10:18,50.0,Sukhoi Superjet-100,97,83,651300.00
202701,PG0481,PG048,Belgorod,36.5900993347168,50.643798828125,Anapa,37.347301483154,45.002101898193,2017-01-23 10:03,2017-01-23 10:52,50.0,Sukhoi Superjet-100,97,96,759000.00
136293,PG0252,PG025,Anapa,37.347301483154,45.002101898193,Moscow,37.4146,55.972599,2017-01-23 10:09,2017-01-23 11:48,100.0,Boeing 737-300,130,114,1689600.00
41585,PG0251,PG025,Moscow,37.4146,55.972599,Anapa,37.347301483154,45.002101898193,2017-01-23 15:06,2017-01-23 16:46,100.0,Boeing 737-300,130,117,1678600.00
136560,PG0194,PG019,Anapa,37.347301483154,45.002101898193,Novokuznetsk,86.877197265625,53.8114013671875,2017-01-24 06:13,2017-01-24 11:18,305.0,Boeing 737-300,130,,
136838,PG0480,PG048,Anapa,37.347301483154,45.002101898193,Belgorod,36.5900993347168,50.643798828125,2017-01-24 09:30,2017-01-24 10:21,50.0,Sukhoi Superjet-100,97,86,670200.00
202815,PG0481,PG048,Belgorod,36.5900993347168,50.643798828125,Anapa,37.347301483154,45.002101898193,2017-01-24 10:03,2017-01-24 10:53,50.0,Sukhoi Superjet-100,97,96,759000.00
136345,PG0252,PG025,Anapa,37.347301483154,45.002101898193,Moscow,37.4146,55.972599,2017-01-24 13:32,2017-01-24 15:12,100.0,Boeing 737-300,130,108,1517600.00
41594,PG0251,PG025,Moscow,37.4146,55.972599,Anapa,37.347301483154,45.002101898193,2017-01-24 15:08,2017-01-24 16:49,100.0,Boeing 737-300,130,117,1677400.00
136571,PG0480,PG048,Anapa,37.347301483154,45.002101898193,Belgorod,36.5900993347168,50.643798828125,2017-01-25 09:28,2017-01-25 10:18,50.0,Sukhoi Superjet-100,97,95,752700.00
202889,PG0481,PG048,Belgorod,36.5900993347168,50.643798828125,Anapa,37.347301483154,45.002101898193,2017-01-25 10:04,2017-01-25 10:54,50.0,Sukhoi Superjet-100,97,88,708600.00
136383,PG0252,PG025,Anapa,37.347301483154,45.002101898193,Moscow,37.4146,55.972599,2017-01-25 10:09,2017-01-25 11:51,100.0,Boeing 737-300,130,106,1493200.00
41601,PG0251,PG025,Moscow,37.4146,55.972599,Anapa,37.347301483154,45.002101898193,2017-01-25 15:11,2017-01-25 16:51,100.0,Boeing 737-300,130,128,1861600.00
136720,PG0480,PG048,Anapa,37.347301483154,45.002101898193,Belgorod,36.5900993347168,50.643798828125,2017-01-26 09:29,2017-01-26 10:19,50.0,Sukhoi Superjet-100,97,95,752700.00
202870,PG0481,PG048,Belgorod,36.5900993347168,50.643798828125,Anapa,37.347301483154,45.002101898193,2017-01-26 10:01,2017-01-26 10:50,50.0,Sukhoi Superjet-100,97,91,726900.00
136436,PG0252,PG025,Anapa,37.347301483154,45.002101898193,Moscow,37.4146,55.972599,2017-01-26 10:08,2017-01-26 11:47,100.0,Boeing 737-300,130,124,1811600.00
41605,PG0251,PG025,Moscow,37.4146,55.972599,Anapa,37.347301483154,45.002101898193,2017-01-26 15:06,2017-01-26 16:46,100.0,Boeing 737-300,130,122,1762800.00
136757,PG0480,PG048,Anapa,37.347301483154,45.002101898193,Belgorod,36.5900993347168,50.643798828125,2017-01-27 09:30,2017-01-27 10:19,50.0,Sukhoi Superjet-100,97,97,765300.00
202666,PG0481,PG048,Belgorod,36.5900993347168,50.643798828125,Anapa,37.347301483154,45.002101898193,2017-01-27 10:03,2017-01-27 10:54,50.0,Sukhoi Superjet-100,97,86,670800.00
136485,PG0252,PG025,Anapa,37.347301483154,45.002101898193,Moscow,37.4146,55.972599,2017-01-27 10:07,2017-01-27 11:47,100.0,Boeing 737-300,130,106,1520000.00
41615,PG0251,PG025,Moscow,37.4146,55.972599,Anapa,37.347301483154,45.002101898193,2017-01-27 15:12,2017-01-27 16:53,100.0,Boeing 737-300,130,113,1653000.00
136678,PG0480,PG048,Anapa,37.347301483154,45.002101898193,Belgorod,36.5900993347168,50.643798828125,2017-01-28 09:27,2017-01-28 10:17,50.0,Sukhoi Superjet-100,97,80,631200.00
202569,PG0481,PG048,Belgorod,36.5900993347168,50.643798828125,Anapa,37.347301483154,45.002101898193,2017-01-28 10:01,2017-01-28 10:51,50.0,Sukhoi Superjet-100,97,93,740100.00
136131,PG0252,PG025,Anapa,37.347301483154,45.002101898193,Moscow,37.4146,55.972599,2017-01-28 10:07,2017-01-28 11:46,100.0,Boeing 737-300,130,124,1812800.00
41623,PG0251,PG025,Moscow,37.4146,55.972599,Anapa,37.347301483154,45.002101898193,2017-01-28 15:06,2017-01-28 16:47,100.0,Boeing 737-300,130,109,1556600.00
136729,PG0480,PG048,Anapa,37.347301483154,45.002101898193,Belgorod,36.5900993347168,50.643798828125,2017-01-29 09:29,2017-01-29 10:19,50.0,Sukhoi Superjet-100,97,88,695400.00
202565,PG0481,PG048,Belgorod,36.5900993347168,50.643798828125,Anapa,37.347301483154,45.002101898193,2017-01-29 10:02,2017-01-29 10:53,50.0,Sukhoi Superjet-100,97,92,720600.00
136178,PG0252,PG025,Anapa,37.347301483154,45.002101898193,Moscow,37.4146,55.972599,2017-01-29 10:10,2017-01-29 11:49,100.0,Boeing 737-300,130,99,1434600.00
41628,PG0251,PG025,Moscow,37.4146,55.972599,Anapa,37.347301483154,45.002101898193,2017-01-29 15:09,2017-01-29 16:50,100.0,Boeing 737-300,130,126,1812800.00
181073,PG0195,PG019,Novokuznetsk,86.877197265625,53.8114013671875,Anapa,37.347301483154,45.002101898193,2017-01-30 08:19,2017-01-30 13:27,305.0,Boeing 737-300,130,,
136642,PG0480,PG048,Anapa,37.347301483154,45.002101898193,Belgorod,36.5900993347168,50.643798828125,2017-01-30 09:28,2017-01-30 10:17,50.0,Sukhoi Superjet-100,97,64,531000.00
202649,PG0481,PG048,Belgorod,36.5900993347168,50.643798828125,Anapa,37.347301483154,45.002101898193,2017-01-30 10:02,2017-01-30 10:51,50.0,Sukhoi Superjet-100,97,93,740100.00
136226,PG0252,PG025,Anapa,37.347301483154,45.002101898193,Moscow,37.4146,55.972599,2017-01-30 10:08,2017-01-30 11:48,100.0,Boeing 737-300,130,130,1886000.00
41634,PG0251,PG025,Moscow,37.4146,55.972599,Anapa,37.347301483154,45.002101898193,2017-01-30 15:09,2017-01-30 16:48,100.0,Boeing 737-300,130,115,1700600.00
136544,PG0194,PG019,Anapa,37.347301483154,45.002101898193,Novokuznetsk,86.877197265625,53.8114013671875,2017-01-31 06:10,2017-01-31 11:14,305.0,Boeing 737-300,130,,
136869,PG0480,PG048,Anapa,37.347301483154,45.002101898193,Belgorod,36.5900993347168,50.643798828125,2017-01-31 09:26,2017-01-31 10:16,50.0,Sukhoi Superjet-100,97,97,765300.00
202891,PG0481,PG048,Belgorod,36.5900993347168,50.643798828125,Anapa,37.347301483154,45.002101898193,2017-01-31 10:03,2017-01-31 10:53,50.0,Sukhoi Superjet-100,97,92,721200.00
136181,PG0252,PG025,Anapa,37.347301483154,45.002101898193,Moscow,37.4146,55.972599,2017-01-31 10:05,2017-01-31 11:44,100.0,Boeing 737-300,130,118,1689600.00
41246,PG0251,PG025,Moscow,37.4146,55.972599,Anapa,37.347301483154,45.002101898193,2017-01-31 15:08,2017-01-31 16:48,100.0,Boeing 737-300,130,113,1654200.00
136900,PG0480,PG048,Anapa,37.347301483154,45.002101898193,Belgorod,36.5900993347168,50.643798828125,2017-02-01 09:30,2017-02-01 10:21,50.0,Sukhoi Superjet-100,97,97,765300.00
202542,PG0481,PG048,Belgorod,36.5900993347168,50.643798828125,Anapa,37.347301483154,45.002101898193,2017-02-01 10:05,2017-02-01 10:54,50.0,Sukhoi Superjet-100,97,96,758400.00
136135,PG0252,PG025,Anapa,37.347301483154,45.002101898193,Moscow,37.4146,55.972599,2017-02-01 10:08,2017-02-01 11:48,100.0,Boeing 737-300,130,115,1678600.00
41253,PG0251,PG025,Moscow,37.4146,55.972599,Anapa,37.347301483154,45.002101898193,2017-02-01 15:09,2017-02-01 16:49,100.0,Boeing 737-300,130,115,1703000.00
136951,PG0480,PG048,Anapa,37.347301483154,45.002101898193,Belgorod,36.5900993347168,50.643798828125,2017-02-02 09:28,2017-02-02 10:17,50.0,Sukhoi Superjet-100,97,90,720600.00
202596,PG0481,PG048,Belgorod,36.5900993347168,50.643798828125,Anapa,37.347301483154,45.002101898193,2017-02-02 10:00,2017-02-02 10:49,50.0,Sukhoi Superjet-100,97,85,663900.00
136486,PG0252,PG025,Anapa,37.347301483154,45.002101898193,Moscow,37.4146,55.972599,2017-02-02 10:07,2017-02-02 11:48,100.0,Boeing 737-300,130,107,1505400.00
41260,PG0251,PG025,Moscow,37.4146,55.972599,Anapa,37.347301483154,45.002101898193,2017-02-02 18:02,2017-02-02 19:41,100.0,Boeing 737-300,130,113,1604200.00
136672,PG0480,PG048,Anapa,37.347301483154,45.002101898193,Belgorod,36.5900993347168,50.643798828125,2017-02-03 09:28,2017-02-03 10:18,50.0,Sukhoi Superjet-100,97,96,759000.00
202707,PG0481,PG048,Belgorod,36.5900993347168,50.643798828125,Anapa,37.347301483154,45.002101898193,2017-02-03 10:03,2017-02-03 10:53,50.0,Sukhoi Superjet-100,97,93,740100.00
136441,PG0252,PG025,Anapa,37.347301483154,45.002101898193,Moscow,37.4146,55.972599,2017-02-03 10:07,2017-02-03 11:47,100.0,Boeing 737-300,130,128,1837200.00
41259,PG0251,PG025,Moscow,37.4146,55.972599,Anapa,37.347301483154,45.002101898193,2017-02-03 15:09,2017-02-03 16:49,100.0,Boeing 737-300,130,112,1617600.00
136956,PG0480,PG048,Anapa,37.347301483154,45.002101898193,Belgorod,36.5900993347168,50.643798828125,2017-02-04 09:33,2017-02-04 10:23,50.0,Sukhoi Superjet-100,97,96,746400.00
202628,PG0481,PG048,Belgorod,36.5900993347168,50.643798828125,Anapa,37.347301483154,45.002101898193,2017-02-04 10:03,2017-02-04 10:52,50.0,Sukhoi Superjet-100,97,95,727500.00
136411,PG0252,PG025,Anapa,37.347301483154,45.002101898193,Moscow,37.4146,55.972599,2017-02-04 10:06,2017-02-04 11:46,100.0,Boeing 737-300,130,110,1590800.00
41258,PG0251,PG025,Moscow,37.4146,55.972599,Anapa,37.347301483154,45.002101898193,2017-02-04 15:12,2017-02-04 16:52,100.0,Boeing 737-300,130,107,1555400.00
136823,PG0480,PG048,Anapa,37.347301483154,45.002101898193,Belgorod,36.5900993347168,50.643798828125,2017-02-05 09:27,2017-02-05 10:18,50.0,Sukhoi Superjet-100,97,78,620400.00
202682,PG0481,PG048,Belgorod,36.5900993347168,50.643798828125,Anapa,37.347301483154,45.002101898193,2017-02-05 10:03,2017-02-05 10:53,50.0,Sukhoi Superjet-100,97,87,689700.00
136360,PG0252,PG025,Anapa,37.347301483154,45.002101898193,Moscow,37.4146,55.972599,2017-02-05 10:08,2017-02-05 11:48,100.0,Boeing 737-300,130,97,1455400.00
41250,PG0251,PG025,Moscow,37.4146,55.972599,Anapa,37.347301483154,45.002101898193,2017-02-05 15:13,2017-02-05 16:56,100.0,Boeing 737-300,130,115,1654200.00
181042,PG0195,PG019,Novokuznetsk,86.877197265625,53.8114013671875,Anapa,37.347301483154,45.002101898193,2017-02-06 08:16,2017-02-06 13:16,305.0,Boeing 737-300,130,,
136754,PG0480,PG048,Anapa,37.347301483154,45.002101898193,Belgorod,36.5900993347168,50.643798828125,2017-02-06 09:29,2017-02-06 10:18,50.0,Sukhoi Superjet-100,97,90,721200.00
202543,PG0481,PG048,Belgorod,36.5900993347168,50.643798828125,Anapa,37.347301483154,45.002101898193,2017-02-06 10:03,2017-02-06 10:53,50.0,Sukhoi Superjet-100,97,91,727500.00
136322,PG0252,PG025,Anapa,37.347301483154,45.002101898193,Moscow,37.4146,55.972599,2017-02-06 10:11,2017-02-06 11:52,100.0,Boeing 737-300,130,108,1567600.00
41636,PG0251,PG025,Moscow,37.4146,55.972599,Anapa,37.347301483154,45.002101898193,2017-02-06 15:07,2017-02-06 16:47,100.0,Boeing 737-300,130,116,1689600.00
136514,PG0194,PG019,Anapa,37.347301483154,45.002101898193,Novokuznetsk,86.877197265625,53.8114013671875,2017-02-07 06:14,2017-02-07 11:13,305.0,Boeing 737-300,130,,
136841,PG0480,PG048,Anapa,37.347301483154,45.002101898193,Belgorod,36.5900993347168,50.643798828125,2017-02-07 09:25,2017-02-07 10:16,50.0,Sukhoi Superjet-100,97,97,765300.00
202810,PG0481,PG048,Belgorod,36.5900993347168,50.643798828125,Anapa,37.347301483154,45.002101898193,2017-02-07 10:01,2017-02-07 10:51,50.0,Sukhoi Superjet-100,97,90,708600.00
136284,PG0252,PG025,Anapa,37.347301483154,45.002101898193,Moscow,37.4146,55.972599,2017-02-07 10:07,2017-02-07 11:48,100.0,Boeing 737-300,130,117,1677400.00
41633,PG0251,PG025,Moscow,37.4146,55.972599,Anapa,37.347301483154,45.002101898193,2017-02-07 15:12,2017-02-07 16:51,100.0,Boeing 737-300,130,121,1775000.00
136600,PG0480,PG048,Anapa,37.347301483154,45.002101898193,Belgorod,36.5900993347168,50.643798828125,2017-02-08 09:26,2017-02-08 10:16,50.0,Sukhoi Superjet-100,97,97,765300.00
202777,PG0481,PG048,Belgorod,36.5900993347168,50.643798828125,Anapa,37.347301483154,45.002101898193,2017-02-08 10:05,2017-02-08 10:55,50.0,Sukhoi Superjet-100,97,86,670800.00
136250,PG0252,PG025,Anapa,37.347301483154,45.002101898193,Moscow,37.4146,55.972599,2017-02-08 10:06,2017-02-08 11:47,100.0,Boeing 737-300,130,99,1407800.00
41626,PG0251,PG025,Moscow,37.4146,55.972599,Anapa,37.347301483154,45.002101898193,2017-02-08 15:13,2017-02-08 16:52,100.0,Boeing 737-300,130,116,1712800.00
136666,PG0480,PG048,Anapa,37.347301483154,45.002101898193,Belgorod,36.5900993347168,50.643798828125,2017-02-09 09:26,2017-02-09 10:16,50.0,Sukhoi Superjet-100,97,87,664500.00
202552,PG0481,PG048,Belgorod,36.5900993347168,50.643798828125,Anapa,37.347301483154,45.002101898193,2017-02-09 10:04,2017-02-09 10:53,50.0,Sukhoi Superjet-100,97,93,726900.00
136146,PG0252,PG025,Anapa,37.347301483154,45.002101898193,Moscow,37.4146,55.972599,2017-02-09 10:08,2017-02-09 11:48,100.0,Boeing 737-300,130,109,1604200.00
41619,PG0251,PG025,Moscow,37.4146,55.972599,Anapa,37.347301483154,45.002101898193,2017-02-09 15:07,2017-02-09 16:47,100.0,Boeing 737-300,130,125,1800600.00
136769,PG0480,PG048,Anapa,37.347301483154,45.002101898193,Belgorod,36.5900993347168,50.643798828125,2017-02-10 09:30,2017-02-10 10:21,50.0,Sukhoi Superjet-100,97,88,696000.00
202668,PG0481,PG048,Belgorod,36.5900993347168,50.643798828125,Anapa,37.347301483154,45.002101898193,2017-02-10 10:05,2017-02-10 10:55,50.0,Sukhoi Superjet-100,97,88,683400.00
136348,PG0252,PG025,Anapa,37.347301483154,45.002101898193,Moscow,37.4146,55.972599,2017-02-10 10:05,2017-02-10 11:45,100.0,Boeing 737-300,130,120,1762800.00
41613,PG0251,PG025,Moscow,37.4146,55.972599,Anapa,37.347301483154,45.002101898193,2017-02-10 15:05,2017-02-10 16:47,100.0,Boeing 737-300,130,116,1666400.00
136922,PG0480,PG048,Anapa,37.347301483154,45.002101898193,Belgorod,36.5900993347168,50.643798828125,2017-02-11 09:27,2017-02-11 10:17,50.0,Sukhoi Superjet-100,97,76,607800.00
202811,PG0481,PG048,Belgorod,36.5900993347168,50.643798828125,Anapa,37.347301483154,45.002101898193,2017-02-11 10:03,2017-02-11 10:53,50.0,Sukhoi Superjet-100,97,91,727500.00
136269,PG0252,PG025,Anapa,37.347301483154,45.002101898193,Moscow,37.4146,55.972599,2017-02-11 10:13,2017-02-11 11:53,100.0,Boeing 737-300,130,109,1605400.00
41603,PG0251,PG025,Moscow,37.4146,55.972599,Anapa,37.347301483154,45.002101898193,2017-02-11 15:07,2017-02-11 16:45,100.0,Boeing 737-300,130,114,1617600.00
136861,PG0480,PG048,Anapa,37.347301483154,45.002101898193,Belgorod,36.5900993347168,50.643798828125,2017-02-12 09:28,2017-02-12 10:17,50.0,Sukhoi Superjet-100,97,87,689100.00
202629,PG0481,PG048,Belgorod,36.5900993347168,50.643798828125,Anapa,37.347301483154,45.002101898193,2017-02-12 10:02,2017-02-12 10:52,50.0,Sukhoi Superjet-100,97,94,746400.00
136270,PG0252,PG025,Anapa,37.347301483154,45.002101898193,Moscow,37.4146,55.972599,2017-02-12 10:12,2017-02-12 11:51,100.0,Boeing 737-300,130,111,1628600.00
41598,PG0251,PG025,Moscow,37.4146,55.972599,Anapa,37.347301483154,45.002101898193,2017-02-12 15:07,2017-02-12 16:48,100.0,Boeing 737-300,130,119,1727400.00
181082,PG0195,PG019,Novokuznetsk,86.877197265625,53.8114013671875,Anapa,37.347301483154,45.002101898193,2017-02-13 08:20,2017-02-13 13:28,305.0,Boeing 737-300,130,,
136857,PG0480,PG048,Anapa,37.347301483154,45.002101898193,Belgorod,36.5900993347168,50.643798828125,2017-02-13 09:31,2017-02-13 10:21,50.0,Sukhoi Superjet-100,97,97,765300.00
202875,PG0481,PG048,Belgorod,36.5900993347168,50.643798828125,Anapa,37.347301483154,45.002101898193,2017-02-13 10:06,2017-02-13 10:55,50.0,Sukhoi Superjet-100,97,92,721200.00
136130,PG0252,PG025,Anapa,37.347301483154,45.002101898193,Moscow,37.4146,55.972599,2017-02-13 10:07,2017-02-13 11:46,100.0,Boeing 737-300,130,107,1556600.00
41592,PG0251,PG025,Moscow,37.4146,55.972599,Anapa,37.347301483154,45.002101898193,2017-02-13 15:11,2017-02-13 16:54,100.0,Boeing 737-300,130,115,1604200.00
136567,PG0194,PG019,Anapa,37.347301483154,45.002101898193,Novokuznetsk,86.877197265625,53.8114013671875,2017-02-14 06:12,2017-02-14 11:23,305.0,Boeing 737-300,130,,
136888,PG0480,PG048,Anapa,37.347301483154,45.002101898193,Belgorod,36.5900993347168,50.643798828125,2017-02-14 09:29,2017-02-14 10:19,50.0,Sukhoi Superjet-100,97,79,626100.00
202627,PG0481,PG048,Belgorod,36.5900993347168,50.643798828125,Anapa,37.347301483154,45.002101898193,2017-02-14 10:05,2017-02-14 10:56,50.0,Sukhoi Superjet-100,97,95,752700.00
136249,PG0252,PG025,Anapa,37.347301483154,45.002101898193,Moscow,37.4146,55.972599,2017-02-14 10:08,2017-02-14 11:46,100.0,Boeing 737-300,130,123,1800600.00
41590,PG0251,PG025,Moscow,37.4146,55.972599,Anapa,37.347301483154,45.002101898193,2017-02-14 15:11,2017-02-14 16:51,100.0,Boeing 737-300,130,106,1542000.00
136605,PG0480,PG048,Anapa,37.347301483154,45.002101898193,Belgorod,36.5900993347168,50.643798828125,2017-02-15 09:28,2017-02-15 10:19,50.0,Sukhoi Superjet-100,97,97,765300.00
202781,PG0481,PG048,Belgorod,36.5900993347168,50.643798828125,Anapa,37.347301483154,45.002101898193,2017-02-15 10:01,2017-02-15 10:51,50.0,Sukhoi Superjet-100,97,97,765300.00
136132,PG0252,PG025,Anapa,37.347301483154,45.002101898193,Moscow,37.4146,55.972599,2017-02-15 10:09,2017-02-15 11:48,100.0,Boeing 737-300,130,116,1714000.00
41582,PG0251,PG025,Moscow,37.4146,55.972599,Anapa,37.347301483154,45.002101898193,2017-02-15 15:09,2017-02-15 16:49,100.0,Boeing 737-300,130,124,1811600.00
136875,PG0480,PG048,Anapa,37.347301483154,45.002101898193,Belgorod,36.5900993347168,50.643798828125,2017-02-16 09:29,2017-02-16 10:19,50.0,Sukhoi Superjet-100,97,97,765300.00
202618,PG0481,PG048,Belgorod,36.5900993347168,50.643798828125,Anapa,37.347301483154,45.002101898193,2017-02-16 10:02,2017-02-16 10:52,50.0,Sukhoi Superjet-100,97,97,765300.00
136268,PG0252,PG025,Anapa,37.347301483154,45.002101898193,Moscow,37.4146,55.972599,2017-02-16 10:08,2017-02-16 11:49,100.0,Boeing 737-300,130,115,1676200.00
41575,PG0251,PG025,Moscow,37.4146,55.972599,Anapa,37.347301483154,45.002101898193,2017-02-16 15:07,2017-02-16 16:45,100.0,Boeing 737-300,130,117,1726200.00
136620,PG0480,PG048,Anapa,37.347301483154,45.002101898193,Belgorod,36.5900993347168,50.643798828125,2017-02-17 09:30,2017-02-17 10:19,50.0,Sukhoi Superjet-100,97,79,613500.00
202695,PG0481,PG048,Belgorod,36.5900993347168,50.643798828125,Anapa,37.347301483154,45.002101898193,2017-02-17 10:02,2017-02-17 10:53,50.0,Sukhoi Superjet-100,97,92,733800.00
136452,PG0252,PG025,Anapa,37.347301483154,45.002101898193,Moscow,37.4146,55.972599,2017-02-17 10:08,2017-02-17 11:48,100.0,Boeing 737-300,130,109,1603000.00
41571,PG0251,PG025,Moscow,37.4146,55.972599,Anapa,37.347301483154,45.002101898193,2017-02-17 15:08,2017-02-17 16:49,100.0,Boeing 737-300,130,109,1581000.00
136827,PG0480,PG048,Anapa,37.347301483154,45.002101898193,Belgorod,36.5900993347168,50.643798828125,2017-02-18 09:26,2017-02-18 10:17,50.0,Sukhoi Superjet-100,97,97,765300.00
202878,PG0481,PG048,Belgorod,36.5900993347168,50.643798828125,Anapa,37.347301483154,45.002101898193,2017-02-18 10:02,2017-02-18 10:52,50.0,Sukhoi Superjet-100,97,91,702300.00
136264,PG0252,PG025,Anapa,37.347301483154,45.002101898193,Moscow,37.4146,55.972599,2017-02-18 10:07,2017-02-18 11:47,100.0,Boeing 737-300,130,116,1690800.00
41561,PG0251,PG025,Moscow,37.4146,55.972599,Anapa,37.347301483154,45.002101898193,2017-02-18 15:07,2017-02-18 16:47,100.0,Boeing 737-300,130,115,1701800.00
136815,PG0480,PG048,Anapa,37.347301483154,45.002101898193,Belgorod,36.5900993347168,50.643798828125,2017-02-19 09:26,2017-02-19 10:17,50.0,Sukhoi Superjet-100,97,97,765300.00
202763,PG0481,PG048,Belgorod,36.5900993347168,50.643798828125,Anapa,37.347301483154,45.002101898193,2017-02-19 10:02,2017-02-19 10:52,50.0,Sukhoi Superjet-100,97,87,675900.00
136320,PG0252,PG025,Anapa,37.347301483154,45.002101898193,Moscow,37.4146,55.972599,2017-02-19 10:05,2017-02-19 11:45,100.0,Boeing 737-300,130,106,1544400.00
41556,PG0251,PG025,Moscow,37.4146,55.972599,Anapa,37.347301483154,45.002101898193,2017-02-19 15:09,2017-02-19 16:50,100.0,Boeing 737-300,130,122,1786000.00
181068,PG0195,PG019,Novokuznetsk,86.877197265625,53.8114013671875,Anapa,37.347301483154,45.002101898193,2017-02-20 08:17,2017-02-20 13:21,305.0,Boeing 737-300,130,,
136660,PG0480,PG048,Anapa,37.347301483154,45.002101898193,Belgorod,36.5900993347168,50.643798828125,2017-02-20 09:26,2017-02-20 10:15,50.0,Sukhoi Superjet-100,97,87,677100.00
202546,PG0481,PG048,Belgorod,36.5900993347168,50.643798828125,Anapa,37.347301483154,45.002101898193,2017-02-20 10:02,2017-02-20 10:53,50.0,Sukhoi Superjet-100,97,84,670200.00
136403,PG0252,PG025,Anapa,37.347301483154,45.002101898193,Moscow,37.4146,55.972599,2017-02-20 10:06,2017-02-20 11:46,100.0,Boeing 737-300,130,129,1873800.00
41549,PG0251,PG025,Moscow,37.4146,55.972599,Anapa,37.347301483154,45.002101898193,2017-02-20 15:07,2017-02-20 16:45,100.0,Boeing 737-300,130,106,1540800.00
136511,PG0194,PG019,Anapa,37.347301483154,45.002101898193,Novokuznetsk,86.877197265625,53.8114013671875,2017-02-21 06:15,2017-02-21 11:25,305.0,Boeing 737-300,130,,
136612,PG0480,PG048,Anapa,37.347301483154,45.002101898193,Belgorod,36.5900993347168,50.643798828125,2017-02-21 09:27,2017-02-21 10:17,50.0,Sukhoi Superjet-100,97,94,746400.00
202731,PG0481,PG048,Belgorod,36.5900993347168,50.643798828125,Anapa,37.347301483154,45.002101898193,2017-02-21 10:03,2017-02-21 10:53,50.0,Sukhoi Superjet-100,97,91,727500.00
136479,PG0252,PG025,Anapa,37.347301483154,45.002101898193,Moscow,37.4146,55.972599,2017-02-21 10:08,2017-02-21 11:47,100.0,Boeing 737-300,130,122,1738400.00
41542,PG0251,PG025,Moscow,37.4146,55.972599,Anapa,37.347301483154,45.002101898193,2017-02-21 15:10,2017-02-21 16:50,100.0,Boeing 737-300,130,122,1764000.00
136778,PG0480,PG048,Anapa,37.347301483154,45.002101898193,Belgorod,36.5900993347168,50.643798828125,2017-02-22 09:26,2017-02-22 10:16,50.0,Sukhoi Superjet-100,97,96,759000.00
202601,PG0481,PG048,Belgorod,36.5900993347168,50.643798828125,Anapa,37.347301483154,45.002101898193,2017-02-22 10:01,2017-02-22 10:52,50.0,Sukhoi Superjet-100,97,92,733200.00
136165,PG0252,PG025,Anapa,37.347301483154,45.002101898193,Moscow,37.4146,55.972599,2017-02-22 10:11,2017-02-22 11:52,100.0,Boeing 737-300,130,110,1567600.00
41538,PG0251,PG025,Moscow,37.4146,55.972599,Anapa,37.347301483154,45.002101898193,2017-02-22 15:09,2017-02-22 16:50,100.0,Boeing 737-300,130,120,1762800.00
136807,PG0480,PG048,Anapa,37.347301483154,45.002101898193,Belgorod,36.5900993347168,50.643798828125,2017-02-23 09:28,2017-02-23 10:18,50.0,Sukhoi Superjet-100,97,68,531000.00
202538,PG0481,PG048,Belgorod,36.5900993347168,50.643798828125,Anapa,37.347301483154,45.002101898193,2017-02-23 10:01,2017-02-23 10:51,50.0,Sukhoi Superjet-100,97,96,759000.00
136204,PG0252,PG025,Anapa,37.347301483154,45.002101898193,Moscow,37.4146,55.972599,2017-02-23 10:06,2017-02-23 11:46,100.0,Boeing 737-300,130,107,1457800.00
41526,PG0251,PG025,Moscow,37.4146,55.972599,Anapa,37.347301483154,45.002101898193,2017-02-23 15:09,2017-02-23 16:49,100.0,Boeing 737-300,130,123,1775000.00
136780,PG0480,PG048,Anapa,37.347301483154,45.002101898193,Belgorod,36.5900993347168,50.643798828125,2017-02-24 09:30,2017-02-24 10:20,50.0,Sukhoi Superjet-100,97,89,714900.00
202846,PG0481,PG048,Belgorod,36.5900993347168,50.643798828125,Anapa,37.347301483154,45.002101898193,2017-02-24 10:05,2017-02-24 10:56,50.0,Sukhoi Superjet-100,97,91,714900.00
136120,PG0252,PG025,Anapa,37.347301483154,45.002101898193,Moscow,37.4146,55.972599,2017-02-24 10:07,2017-02-24 11:46,100.0,Boeing 737-300,130,109,1605400.00
41522,PG0251,PG025,Moscow,37.4146,55.972599,Anapa,37.347301483154,45.002101898193,2017-02-24 15:06,2017-02-24 16:47,100.0,Boeing 737-300,130,118,1739600.00
136630,PG0480,PG048,Anapa,37.347301483154,45.002101898193,Belgorod,36.5900993347168,50.643798828125,2017-02-25 09:32,2017-02-25 10:22,50.0,Sukhoi Superjet-100,97,94,746400.00
202711,PG0481,PG048,Belgorod,36.5900993347168,50.643798828125,Anapa,37.347301483154,45.002101898193,2017-02-25 10:07,2017-02-25 10:57,50.0,Sukhoi Superjet-100,97,91,714300.00
136439,PG0252,PG025,Anapa,37.347301483154,45.002101898193,Moscow,37.4146,55.972599,2017-02-25 10:08,2017-02-25 11:48,100.0,Boeing 737-300,130,117,1701800.00
41512,PG0251,PG025,Moscow,37.4146,55.972599,Anapa,37.347301483154,45.002101898193,2017-02-25 15:07,2017-02-25 16:47,100.0,Boeing 737-300,130,115,1677400.00
136802,PG0480,PG048,Anapa,37.347301483154,45.002101898193,Belgorod,36.5900993347168,50.643798828125,2017-02-26 09:32,2017-02-26 10:22,50.0,Sukhoi Superjet-100,97,96,746400.00
202545,PG0481,PG048,Belgorod,36.5900993347168,50.643798828125,Anapa,37.347301483154,45.002101898193,2017-02-26 10:05,2017-02-26 10:55,50.0,Sukhoi Superjet-100,97,94,746400.00
136351,PG0252,PG025,Anapa,37.347301483154,45.002101898193,Moscow,37.4146,55.972599,2017-02-26 10:13,2017-02-26 11:53,100.0,Boeing 737-300,130,105,1555400.00
41508,PG0251,PG025,Moscow,37.4146,55.972599,Anapa,37.347301483154,45.002101898193,2017-02-26 15:07,2017-02-26 16:48,100.0,Boeing 737-300,130,111,1653000.00
181095,PG0195,PG019,Novokuznetsk,86.877197265625,53.8114013671875,Anapa,37.347301483154,45.002101898193,2017-02-27 08:18,2017-02-27 13:22,305.0,Boeing 737-300,130,,
136953,PG0480,PG048,Anapa,37.347301483154,45.002101898193,Belgorod,36.5900993347168,50.643798828125,2017-02-27 09:27,2017-02-27 10:17,50.0,Sukhoi Superjet-100,97,97,765300.00
202551,PG0481,PG048,Belgorod,36.5900993347168,50.643798828125,Anapa,37.347301483154,45.002101898193,2017-02-27 10:02,2017-02-27 10:53,50.0,Sukhoi Superjet-100,97,95,752700.00
136266,PG0252,PG025,Anapa,37.347301483154,45.002101898193,Moscow,37.4146,55.972599,2017-02-27 10:08,2017-02-27 11:48,100.0,Boeing 737-300,130,108,1566400.00
41499,PG0251,PG025,Moscow,37.4146,55.972599,Anapa,37.347301483154,45.002101898193,2017-02-27 15:13,2017-02-27 16:52,100.0,Boeing 737-300,130,117,1703000.00
136513,PG0194,PG019,Anapa,37.347301483154,45.002101898193,Novokuznetsk,86.877197265625,53.8114013671875,2017-02-28 06:13,2017-02-28 11:23,305.0,Boeing 737-300,130,,
136844,PG0480,PG048,Anapa,37.347301483154,45.002101898193,Belgorod,36.5900993347168,50.643798828125,2017-02-28 09:26,2017-02-28 10:16,50.0,Sukhoi Superjet-100,97,79,575100.00
202679,PG0481,PG048,Belgorod,36.5900993347168,50.643798828125,Anapa,37.347301483154,45.002101898193,2017-02-28 10:02,2017-02-28 10:53,50.0,Sukhoi Superjet-100,97,91,702300.00
136215,PG0252,PG025,Anapa,37.347301483154,45.002101898193,Moscow,37.4146,55.972599,2017-02-28 10:09,2017-02-28 11:49,100.0,Boeing 737-300,130,114,1664000.00
41493,PG0251,PG025,Moscow,37.4146,55.972599,Anapa,37.347301483154,45.002101898193,2017-02-28 15:08,2017-02-28 16:49,100.0,Boeing 737-300,130,102,1468800.00
